Topic,Austen — Judgement,Nietzsche — Judgement,Emerson — Judgement,Thomas Paine — Judgement,Wollstonecraft — Judgement,Hume — Judgement,Adam Smith — Judgement
"If the sovereign's law commands what your conscience forbids, which act of disobedience is the greater threat to civil order — the one performed openly or the one concealed?","The question of conscience against command is, at its root, a question of legibility — for civil society does not rest upon perfect obedience, but upon the capacity of its members to read one another's motives with reasonable accuracy.

The concealed transgressor is the far greater threat. She who defies openly declares her terms; her neighbours may judge, censure, warn others, or even be persuaded by her example. The community retains its instruments of response. But she who outwardly conforms whilst privately violating the law teaches society to trust its own misreading — and that false security corrupts more thoroughly than any visible rebellion. I have always observed that the real mischief in a neighbourhood proceeds not from those who are thought wicked, but from those thought perfectly correct.

Concealed disobedience does not merely break one law; it dismantles the only faculty by which all laws are maintained — the mutual confidence that conduct and motive correspond.

*The greatest peril to order is not the rebel who shows her face, but the loyalist who has never possessed one.*","The question assumes ""civil order"" is worth preserving — but I ask first whose order, and what it costs the finest specimens among us to maintain it.

What is really at stake is not disobedience itself but *how* one disobeys. The open transgressor declares his values, pits his will against the state — that cold monster — and forces a genuine confrontation of powers. He is honest in his enmity. The concealed transgressor, however, is something far more corrosive: he performs obedience whilst harboring refusal, breeding in himself the very *ressentiment* I identified as the rot of modern souls. He lies to the sovereign, yes, but worse — he lies to himself. The secret act multiplies inwardly, generating a subterranean class of actors whose entire character is shaped by disguise and suppression of will.

Concealed disobedience destroys civil order far more completely, because it destroys the character of the disobedient first.

*The coward who bows and schemes poisons the well; the rebel who stands and burns at least illuminates.*","The question before me is one of moral courage meeting political authority — whether the soul that defies an unjust law serves or destroys the republic by the manner of its defiance.

When I wrote that whoso would be a man must be a nonconformist, I meant it without apology for sunlight. Concealed disobedience flatters the law while betraying it; it teaches the soul to live double, and a doubled soul is the true rot of commonwealths. Open disobedience, such as my friend Henry practised in Concord jail, is an act of civic instruction — it forces the law to see itself judged, to feel the pressure of a higher jurisdiction. The concealed transgressor preserves the law's face while hollowing its substance; the open one sacrifices comfort for conscience and thereby ennobles both.

Concealed disobedience is the greater danger, for it multiplies cowardice while open disobedience multiplies courage.

*The man who hides his defiance teaches others to hide their souls.*","The question assumes civil order is secured by obedience alone — but I argued in *Common Sense* that legitimate order rests on society's reasoned consent, not the sovereign's naked command.

When conscience rebels against an unjust law, the citizen who defies it openly submits that defiance to public reason — he invites the community to judge both his act and the statute together. The concealed dissenter, however, performs compliance as theatre; he privately exempts himself while sustaining the appearance of a law that may be rotten to its foundation. Open disobedience may multiply reformers; secret disobedience multiplies only hypocrites. A republic of hidden exemptions is not a republic at all — it is a system of shared pretence, corrosive to every principle upon which free government stands.

Concealed disobedience is the graver threat, for it corrupts civic virtue without ever redeeming it.

*The man who breaks an unjust law in darkness flatters tyranny; the man who breaks it in daylight challenges it.*","The question before me is whether reason, when it defies unjust command, is better served by candour or concealment — a matter that touches the very foundations of legitimate government.

A law that offends conscience is already an affront to that rational order upon which civil society must ultimately rest; the citizen who quietly evades it while outwardly conforming does not preserve order — she poisons it. Concealed disobedience breeds the habit of duplicity, and a nation of accomplished dissemblers is far more ungovernable than one of declared dissenters. Open defiance, by contrast, addresses itself to the public reason of mankind; it says, here is the law, here is my conscience, let the argument be made. It invites correction — either of the law or of oneself — and that reciprocity is the only honest basis for civil life.

Concealed disobedience is the greater corruption, because it murders both the law and the conscience that opposes it.

*The dissembler who obeys in appearance destroys liberty far more thoroughly than the rebel who refuses in public.*","The question before me is not one of martyrdom but of social mechanics — whether the corrosive power of defiance lies in its visibility or its concealment, measured against the fragile conventions that hold civil society together.

Custom and habit, not reason or divine ordinance, are the true cement of allegiance; government persists because men have grown accustomed to obedience, and that custom is a thing of sentiment, not argument. The open rebel at least names the fracture honestly, permitting the sovereign to respond and the public to judge; his defiance becomes a datum in the ongoing negotiation of power. The concealed dissenter, however, performs the greater mischief — he hollows out the convention of allegiance while wearing its mask, training himself in hypocrisy and spreading, by silent example, the habit of treating law as merely instrumental whenever private judgment whispers otherwise.

Concealed disobedience is the deeper rot, because it corrupts the sincere habit of deference on which all civil order quietly depends.

*The rebel who lies to his sovereign has already taught himself that sovereignty is a thing to be deceived, and a society of deceivers cannot long mistake itself for a commonwealth.*","The question before us is not merely political but moral: it asks where the corruption of a society truly begins — in its public squares or in the silent chambers of private conscience.

The open dissenter, however provocative, still appeals to the impartial spectator. He invites the judgment of his fellows; he submits to the tribunal of public sympathy and accepts its verdict. His act, however disruptive, remains legible to the moral order. The man who conceals his transgression commits a far graver injury: he corrupts the very faculty by which societies regulate themselves. He trains himself to deceive not only the magistrate but the man within the breast — that internal judge whose authority I hold more sovereign than any parliament. A nation of open rebels may argue its way back to order; a nation of habitual concealers has already dissolved it from within.

Concealed disobedience is the greater menace to civil order.

*The dissembler does not merely break the law — he breaks the only court that could have redeemed him.*"